group,subgroup,total_admissions,group_share_of_admissions,percent_receiving_moud,DependentAdmissions,HomelessAdmissions,IndependentAdmissions,DependentMOUD,HomelessMOUD,IndependentMOUD,DependentPercentDifference,DependentTStat,DependentPValue,DependentSignificance,HomelessPercentDifference,HomelessTStat,HomelessPValue,HomelessSignificance,DependentPctDiff,HomelessPctDiff
STFIPS,AK,1603,0.003058378200994402,0.4928259513412352,258,333,956,0.372093,0.387387,0.557531,-0.332606,-5.347493,0.0,****,-0.305174,-5.405923,0.0,****,-33.26%****,-30.52%****
STFIPS,AL,5774,0.01101626683252756,0.2971943193626602,1952,379,3218,0.296619,0.118734,0.322561,-0.080424,-1.950745,0.051141,*,-0.631903,-8.256698,0.0,****,-8.04%*,-63.19%****
STFIPS,AR,1947,0.0037146989128734255,0.3379558294812532,604,203,1137,0.261589,0.103448,0.418646,-0.375153,-6.558287,0.0,****,-0.752898,-8.801753,0.0,****,-37.52%****,-75.29%****
STFIPS,AZ,10189,0.019439685271323746,0.1811757777995878,,,,,,,,,,,,,,,,
STFIPS,CA,42031,0.08019132511914892,0.5878042397278199,9353,10568,22090,0.55533,0.344436,0.71761,-0.22614,-28.314917,0.0,****,-0.520023,-68.82472,0.0,****,-22.61%****,-52.00%****
STFIPS,CO,13102,0.024997424322787683,0.36773011753930696,2655,1861,8548,0.166478,0.36432,0.428638,-0.611611,-25.168545,0.0,****,-0.150052,-5.105192,0.0,****,-61.16%****,-15.01%****
STFIPS,CT,23274,0.04440467514032671,0.30729569476669244,3947,2867,15645,0.176336,0.17684,0.37373,-0.528171,-23.834215,0.0,****,-0.526824,-20.645084,0.0,****,-52.82%****,-52.68%****
STFIPS,DC,1560,0.0029763381120095243,0.0673076923076923,393,703,442,0.048346,0.079659,0.065611,-0.263139,-1.069255,0.285264,,0.214107,0.882275,0.377814,,-26.31%,21.41%
STFIPS,DE,8910,0.016999469601285167,0.23860830527497195,857,887,7050,0.150525,0.104848,0.265532,-0.433119,-7.336055,0.0,****,-0.60514,-10.521314,0.0,****,-43.31%****,-60.51%****
STFIPS,GA,2965,0.005656950321864256,0.23136593591905566,966,327,1548,0.124224,0.207951,0.306848,-0.595162,-10.711338,0.0,****,-0.322298,-3.592928,0.000335,****,-59.52%****,-32.23%****
STFIPS,HI,247,0.000471253534401508,0.06882591093117409,99,66,80,0.030303,0.060606,0.125,-0.757576,-2.454293,0.015084,**,-0.515152,-1.313954,0.190951,,-75.76%**,-51.52%
STFIPS,IA,2174,0.004147794266351735,0.3578656853725851,505,615,1053,0.366337,0.281301,0.397911,-0.07935,-1.197024,0.23148,,-0.293055,-4.832597,1e-06,****,-7.94%,-29.31%****
STFIPS,ID,97,0.0001850671774775153,0.020618556701030927,24,12,61,0.0,0.0,0.032787,-1.0,-0.891301,0.375344,,-1.0,-0.628995,0.531371,,-100.00%,-100.00%
STFIPS,IL,16255,0.031013061545330012,0.09701630267609966,9221,2126,4908,0.088385,0.062088,0.128362,-0.311437,-7.481165,0.0,****,-0.516302,-8.251342,0.0,****,-31.14%****,-51.63%****
STFIPS,IN,7162,0.013664444588597573,0.3651214744484781,1667,525,4960,0.206959,0.24,0.431452,-0.52032,-16.718992,0.0,****,-0.443738,-8.526256,0.0,****,-52.03%****,-44.37%****
STFIPS,KS,296,0.0005647410776633456,0.19932432432432431,57,40,192,0.175439,0.125,0.21875,-0.197995,-0.704271,0.481928,,-0.428571,-1.341446,0.181099,,-19.80%,-42.86%
STFIPS,KY,6463,0.012330816165331767,0.25406158130898965,617,1505,4309,0.226904,0.078405,0.317707,-0.285806,-4.58508,5e-06,****,-0.753215,-18.867996,0.0,****,-28.58%****,-75.32%****
STFIPS,LA,2111,0.004027595996443658,0.018474656560871626,577,307,1172,0.025997,0.013029,0.016212,0.603576,1.39356,0.163628,,-0.196297,-0.400905,0.688548,,60.36%,-19.63%
STFIPS,MA,44251,0.08442688320162402,0.27764344308603195,2053,12997,28637,0.377009,0.216281,0.299612,0.258323,7.365364,0.0,****,-0.278132,-17.7399,0.0,****,25.83%****,-27.81%****
STFIPS,MD,72675,0.13865728992967447,0.49549363605091157,8350,9185,45457,0.260599,0.161132,0.572695,-0.544961,-53.88394,0.0,****,-0.718642,-75.624296,0.0,****,-54.50%****,-71.86%****
STFIPS,ME,3728,0.007112684924084299,0.7634120171673819,455,543,2729,0.646154,0.753223,0.784903,-0.176772,-6.503778,0.0,****,-0.040362,-1.626726,0.103892,,-17.68%****,-4.04%
STFIPS,MI,29140,0.055596469605100986,0.5686341798215512,5277,6014,17833,0.407428,0.522946,0.631414,-0.354736,-29.500815,0.0,****,-0.171785,-14.942605,0.0,****,-35.47%****,-17.18%****
STFIPS,MN,10138,0.019342381909969588,0.535016768593411,3268,1664,5014,0.424113,0.560697,0.593139,-0.28497,-15.26631,0.0,****,-0.054696,-2.327942,0.019945,**,-28.50%****,-5.47%**
STFIPS,MO,8889,0.016959403511315807,0.14793565080436494,574,1241,6610,0.102787,0.119259,0.157943,-0.34921,-3.518548,0.000437,****,-0.244924,-3.486719,0.000492,****,-34.92%****,-24.49%****
STFIPS,MS,1260,0.002403965398161539,0.02142857142857143,62,88,1086,0.032258,0.011364,0.022099,0.459677,0.522524,0.601407,,-0.485795,-0.670515,0.502662,,45.97%,-48.58%
STFIPS,MT,106,0.00020223835889295486,0.0,23,22,61,0.0,0.0,0.0,,,,,,,,,,
STFIPS,NC,15707,0.02996752738803436,0.13643598395619788,394,756,14137,0.038071,0.07672,0.144797,-0.737073,-5.995043,0.0,****,-0.470159,-5.239373,0.0,****,-73.71%****,-47.02%****
STFIPS,ND,133,0.0002537519031392735,0.18045112781954886,44,16,71,0.136364,0.1875,0.183099,-0.255245,-0.651385,0.51612,,0.024038,0.040579,0.967726,,-25.52%,2.40%
STFIPS,NE,385,0.0007345449827715813,0.3168831168831169,147,49,159,0.265306,0.122449,0.415094,-0.360853,-2.783189,0.00572,***,-0.705009,-3.881154,0.00014,****,-36.09%***,-70.50%****
STFIPS,NH,1157,0.002207450766407064,0.20397579948141745,246,462,449,0.170732,0.212121,0.213808,-0.201474,-1.361172,0.173902,,-0.007891,-0.062122,0.950479,,-20.15%,-0.79%
STFIPS,NJ,30941,0.05903261379723506,0.6826217640024563,5634,2249,23024,0.520767,0.685193,0.721682,-0.278398,-29.465608,0.0,****,-0.05056,-3.673042,0.00024,****,-27.84%****,-5.06%****
STFIPS,NM,3006,0.005735174592756814,0.8532934131736527,331,91,412,0.933535,0.901099,0.706311,0.321706,8.139091,0.0,****,0.275783,3.891262,0.000113,****,32.17%****,27.58%****
STFIPS,NV,648,0.0012363250619116485,0.3194444444444444,183,42,314,0.131148,0.333333,0.267516,-0.509758,-3.594302,0.000358,****,0.246032,0.895365,0.3712,,-50.98%****,24.60%
STFIPS,NY,90297,0.17227846314110515,0.4668925877936144,8195,18260,63830,0.641977,0.346714,0.478693,0.341102,27.981151,0.0,****,-0.275707,-31.808951,0.0,****,34.11%****,-27.57%****
STFIPS,OH,8411,0.016047422987251352,0.32279158245155154,1156,817,6122,0.234429,0.383109,0.325384,-0.279531,-6.142468,0.0,****,0.177406,3.29256,0.000998,****,-27.95%****,17.74%****
STFIPS,OK,2574,0.004910957884815715,0.0,176,214,2184,0.0,0.0,0.0,,,,,,,,,,
STFIPS,PA,10420,0.019880412260986694,0.36833013435700573,4703,906,4342,0.312992,0.339956,0.43252,-0.276353,-11.85045,0.0,****,-0.21401,-5.152672,0.0,****,-27.64%****,-21.40%****
STFIPS,PR,1170,0.002232253584007143,0.26153846153846155,73,139,935,0.493151,0.158273,0.258824,0.905355,4.350636,1.5e-05,****,-0.388489,-2.574467,0.010173,**,90.54%****,-38.85%**
STFIPS,RI,5768,0.0110048193782506,0.6699029126213593,1453,597,3630,0.87543,0.445561,0.631956,0.385271,17.654612,0.0,****,-0.294949,-8.710942,0.0,****,38.53%****,-29.49%****
STFIPS,SC,73,0.00013927736036967644,0.4931506849315068,13,5,54,0.615385,0.6,0.462963,0.329231,0.979163,0.33113,,0.296,0.578721,0.565057,,32.92%,29.60%
STFIPS,SD,498,0.0009501387049876558,0.2710843373493976,104,21,373,0.413462,0.0,0.246649,0.676317,3.37213,0.000807,****,-1.0,-2.615443,0.009255,***,67.63%****,-100.00%***
STFIPS,TN,7256,0.013843788038936608,0.0050992282249173095,821,1223,5007,0.002436,0.005724,0.005193,-0.530872,-1.058718,0.289772,,0.102239,0.229268,0.818668,,-53.09%,10.22%
STFIPS,TX,7941,0.015150705735556175,0.24845737312681024,3277,1789,2539,0.227952,0.093907,0.392674,-0.419487,-13.816449,0.0,****,-0.760852,-23.126633,0.0,****,-41.95%****,-76.09%****
STFIPS,UT,4575,0.008728683886181778,0.25989071038251366,564,1526,2468,0.205674,0.16055,0.330632,-0.377938,-5.833188,0.0,****,-0.514414,-12.034479,0.0,****,-37.79%****,-51.44%****
STFIPS,VA,6704,0.012790622245456315,0.0,580,541,5243,0.0,0.0,0.0,,,,,,,,,,
STFIPS,VT,3412,0.006509785665497755,0.723915592028136,633,429,2054,0.663507,0.668998,0.738559,-0.101619,-3.688394,0.00023,****,-0.094185,-2.943836,0.003272,***,-10.16%****,-9.42%***
STFIPS,WI,6062,0.011565744637821626,0.1257010887495876,1037,587,4044,0.09161,0.051107,0.154055,-0.405341,-5.162538,0.0,****,-0.668254,-6.728384,0.0,****,-40.53%****,-66.83%****
STFIPS,WY,649,0.0012382329709578084,0.04776579352850539,90,27,528,0.011111,0.111111,0.045455,-0.755556,-1.528965,0.126787,,1.444444,1.547315,0.122359,,-75.56%,144.44%
EDUC,1To3yCollege,88172,0.16822415641801525,0.39737104749807195,14203,14013,59102,0.371823,0.307857,0.427228,-0.129684,-12.038342,0.0,****,-0.279407,-26.006376,0.0,****,-12.97%****,-27.94%****
EDUC,4yCollegePlus,26573,0.05069886708360839,0.40130959996989424,3595,3597,18748,0.312656,0.24715,0.450395,-0.305817,-15.368281,0.0,****,-0.451258,-22.903045,0.0,****,-30.58%****,-45.13%****
EDUC,Grade12OrGED,253442,0.4835442844768704,0.3959525256271652,43205,41669,163531,0.335632,0.276585,0.446454,-0.248225,-41.638468,0.0,****,-0.380485,-63.507638,0.0,****,-24.82%****,-38.05%****
EDUC,Grade8OrLess,29059,0.05544192897236203,0.35741078495474726,3453,7647,17434,0.367507,0.262587,0.399507,-0.080099,-3.516357,0.000438,****,-0.342723,-21.007017,0.0,****,-8.01%****,-34.27%****
EDUC,Grade9To11,96982,0.1850328351146844,0.4172114412983853,17686,17532,59817,0.339082,0.307096,0.475534,-0.286945,-32.298148,0.0,****,-0.354209,-39.942436,0.0,****,-28.69%****,-35.42%****
EDUC,Unknown,29906,0.05705792793445951,0.496321808332776,1526,1366,8083,0.477064,0.286237,0.5759,-0.17162,-7.152339,0.0,****,-0.502974,-20.274595,0.0,****,-17.16%****,-50.30%****
MARSTAT,DivorcedOrWidowed,50256,0.09588387702381453,0.42404886978669215,8089,8299,32886,0.311781,0.326063,0.479566,-0.349867,-27.442591,0.0,****,-0.320086,-25.318697,0.0,****,-34.99%****,-32.01%****
MARSTAT,NeverMarried,296739,0.5661510224484578,0.40949790893680976,50848,48482,185656,0.328213,0.306237,0.46305,-0.291192,-54.694922,0.0,****,-0.338652,-62.610939,0.0,****,-29.12%****,-33.87%****
MARSTAT,NowMarried,49090,0.09365925507599202,0.4795070279079242,5389,4078,37828,0.335684,0.35385,0.506001,-0.336594,-23.555021,0.0,****,-0.300693,-18.540774,0.0,****,-33.66%****,-30.07%****
MARSTAT,Separated,21710,0.041420705392132544,0.39272224781206816,3993,3950,13167,0.313048,0.317722,0.446419,-0.298758,-15.078901,0.0,****,-0.288289,-14.476214,0.0,****,-29.88%****,-28.83%****
MARSTAT,Unknown,106339,0.2028851400596031,0.3465614685110825,15349,21015,57178,0.43195,0.202712,0.34996,0.234285,18.754215,0.0,****,-0.420755,-39.851967,0.0,****,23.43%****,-42.08%****
SERVICES,AmbulatoryDetox,4973,0.009488031686553438,0.4576714256987734,595,844,3456,0.636975,0.303318,0.471933,0.349715,7.486506,0.0,****,-0.357287,-8.929253,0.0,****,34.97%****,-35.73%****
SERVICES,AmbulatoryIntensiveOutpatient,57703,0.11009207569056768,0.23459785453096027,13113,7776,34535,0.1876,0.164095,0.278703,-0.326881,-20.502649,0.0,****,-0.41122,-20.985585,0.0,****,-32.69%****,-41.12%****
SERVICES,AmbulatoryNonIntensiveOutpatient,262944,0.5016732362334823,0.6075476147012292,37326,20224,183537,0.513181,0.63479,0.635992,-0.193101,-44.655337,0.0,****,-0.001889,-0.336957,0.73615,,-19.31%****,-0.19%
SERVICES,Detox24hFreeStandingRes,97123,0.18530185029019297,0.14036839883446764,11211,29813,54531,0.194095,0.125717,0.138655,0.399841,15.076675,0.0,****,-0.093311,-5.272435,0.0,****,39.98%****,-9.33%****
SERVICES,Detox24hHospitalInpatient,12470,0.023791625805614596,0.009141940657578188,297,2878,9075,0.030303,0.010424,0.008044,2.767123,4.056414,5e-05,****,0.295849,1.203552,0.228786,,276.71%****,29.58%
SERVICES,RehabResHospitalNonDetox,756,0.0014423792388969232,0.25132275132275134,143,92,313,0.153846,0.641304,0.303514,-0.493117,-3.431347,0.000656,****,1.112929,6.118686,0.0,****,-49.31%****,111.29%****
SERVICES,RehabResLongTerm,35301,0.06735109723849245,0.2788872836463556,11888,9737,12858,0.28718,0.255828,0.299891,-0.042385,-2.193319,0.028294,**,-0.146929,-7.306122,0.0,****,-4.24%**,-14.69%****
SERVICES,RehabResShortTerm,52864,0.10085970381619967,0.2345074152542373,9095,14460,28410,0.141286,0.263693,0.253397,-0.44243,-22.389383,0.0,****,0.040633,2.307014,0.021059,**,-44.24%****,4.06%**
NOPRIOR,0PriorTreatments,147506,0.2814280317628698,0.4455479777093813,24736,21199,90271,0.372413,0.29492,0.491398,-0.242137,-33.39724,0.0,****,-0.399836,-52.336993,0.0,****,-24.21%****,-39.98%****
NOPRIOR,1PriorTreatments,83008,0.15837171410364526,0.4340906900539707,13581,9914,54022,0.300052,0.304922,0.481285,-0.376562,-38.403704,0.0,****,-0.366442,-32.69025,0.0,****,-37.66%****,-36.64%****
NOPRIOR,2PriorTreatments,64121,0.12233703594882225,0.4415869995789211,11314,8481,40645,0.310147,0.349959,0.514873,-0.397624,-39.152322,0.0,****,-0.3203,-27.855678,0.0,****,-39.76%****,-32.03%****
NOPRIOR,3PriorTreatments,44771,0.08541899590562718,0.4463603672019834,8112,6780,27741,0.355153,0.341445,0.515519,-0.311076,-25.663715,0.0,****,-0.337666,-25.964887,0.0,****,-31.11%****,-33.77%****
NOPRIOR,4PriorTreatments,28300,0.05399382600632663,0.4329681978798587,5259,4617,16898,0.346073,0.356292,0.502604,-0.311439,-20.052478,0.0,****,-0.291108,-17.778905,0.0,****,-31.14%****,-29.11%****
NOPRIOR,5PlusPriorTreatments,106841,0.20384291040077537,0.41540232682210015,17409,24331,62786,0.397151,0.328675,0.459465,-0.135624,-14.655254,0.0,****,-0.284657,-35.307407,0.0,****,-13.56%****,-28.47%****
NOPRIOR,Unknown,49587,0.09460748587193352,0.10194204126081433,3257,10502,34352,0.150138,0.029613,0.111784,0.343111,6.558369,0.0,****,-0.735083,-25.614305,0.0,****,34.31%****,-73.51%****
ARRESTS,0Arrest,447407,0.8536118626152854,0.423985319854182,74647,70982,284574,0.345506,0.317221,0.48295,-0.284592,-67.551093,0.0,****,-0.343159,-80.116804,0.0,****,-28.46%****,-34.32%****
ARRESTS,1Arrest,30255,0.057723788191569335,0.3764005949429846,7450,5185,14822,0.363221,0.298746,0.374376,-0.029795,-1.626221,0.103917,,-0.202015,-9.820159,0.0,****,-2.98%,-20.20%****
ARRESTS,2PlusArrest,5333,0.01017487894317102,0.3172698293643353,802,915,2280,0.30798,0.306011,0.357018,-0.137353,-2.515725,0.011929,**,-0.142869,-2.749132,0.006009,***,-13.74%**,-14.29%***
ARRESTS,Unknown,41139,0.07848947024997424,0.2180169668684217,769,8742,25039,0.202861,0.018874,0.118615,0.710247,7.059347,0.0,****,-0.840877,-27.988637,0.0,****,71.02%****,-84.09%****
METHUSE,0,312391,0.5960136148389534,0.0,54768,61313,179947,0.0,0.0,0.0,,,,,,,,,,
METHUSE,1,211743,0.4039863851610466,1.0,28900,24511,146768,1.0,1.0,1.0,0.0,,,,0.0,,,,0.00%,0.00%
PSYPROB,No,246594,0.47047892332876706,0.4053707713894093,38126,35908,158621,0.311336,0.256238,0.474553,-0.343938,-58.09928,0.0,****,-0.460043,-76.492058,0.0,****,-34.39%****,-46.00%****
PSYPROB,Unknown,76384,0.14573372458188175,0.249908357771261,11989,13836,44212,0.293436,0.123446,0.203813,0.439727,20.993167,0.0,****,-0.394318,-21.3451,0.0,****,43.97%****,-39.43%****
PSYPROB,Yes,201156,0.3837873520893512,0.460796595676987,33553,36080,123882,0.402706,0.376996,0.504375,-0.201574,-33.17473,0.0,****,-0.252549,-42.87989,0.0,****,-20.16%****,-25.25%****
PREG,NotPregnant,173323,0.3306845196075813,0.43986660743236616,28679,22449,113733,0.357474,0.327854,0.495863,-0.279087,-42.235258,0.0,****,-0.338821,-46.466364,0.0,****,-27.91%****,-33.88%****
PREG,Pregnant,7473,0.014257804301953317,0.5537267496320085,1421,1024,4848,0.517945,0.457031,0.588078,-0.119257,-4.706502,3e-06,****,-0.222838,-7.723994,0.0,****,-11.93%****,-22.28%****
PREG,Unknown,343338,0.6550576760904654,0.3826142168941393,53568,62351,208134,0.334379,0.267566,0.420503,-0.204813,-36.334594,0.0,****,-0.363701,-69.446558,0.0,****,-20.48%****,-36.37%****
GENDER,Female,192792,0.36782960082726934,0.4338769243537076,30721,25380,125433,0.362781,0.311899,0.477331,-0.239979,-36.288816,0.0,****,-0.346576,-48.69591,0.0,****,-24.00%****,-34.66%****
GENDER,Male,330818,0.6311706548325429,0.38586473529251736,52917,60407,201179,0.335223,0.274438,0.431636,-0.223365,-40.228397,0.0,****,-0.364189,-69.94462,0.0,****,-22.34%****,-36.42%****
GENDER,Unknown,524,0.0009997443401878147,0.8473282442748091,30,37,103,0.533333,0.459459,0.572816,-0.068927,-0.381077,0.703764,,-0.197893,-1.184689,0.238177,,-6.89%,-19.79%
VET,NotVeteran,484444,0.9242750899579115,0.40440587560172075,79070,82081,306663,0.34582,0.286254,0.457832,-0.244656,-56.887188,0.0,****,-0.374762,-89.315304,0.0,****,-24.47%****,-37.48%****
VET,Unknown,30596,0.05837438517630988,0.3848215453000392,3231,2200,14243,0.318168,0.230909,0.241171,0.319262,9.08168,0.0,****,-0.042551,-1.049192,0.294105,,31.93%****,-4.26%
VET,Veteran,9094,0.017350524865778597,0.44611831977127775,1367,1543,5809,0.386247,0.328581,0.504906,-0.235012,-7.932907,0.0,****,-0.349224,-12.466878,0.0,****,-23.50%****,-34.92%****
LIVARAG,DependLiving,83668,0.15963093407411083,0.3454128221064206,,,,,,,,,,,,,,,,
LIVARAG,Homeless,85824,0.16374438597763166,0.2855961036539896,,,,,,,,,,,,,,,,
LIVARAG,IndependentLiving,326715,0.6233425040161485,0.44922332920129165,,,,,,,,,,,,,,,,
LIVARAG,Unknown,27927,0.05328217593210897,0.4140795645790812,,,,,,,,,,,,,,,,
DAYWAIT,0DaysWait,219010,0.417851160199491,0.42415871421396284,45436,36413,123994,0.297561,0.260044,0.496048,-0.400136,-74.034916,0.0,****,-0.475768,-81.345697,0.0,****,-40.01%****,-47.58%****
DAYWAIT,15To30DaysWait,6470,0.012344171528654886,0.3683153013910355,1251,1065,4010,0.260592,0.282629,0.426683,-0.389262,-10.639769,0.0,****,-0.337614,-8.603262,0.0,****,-38.93%****,-33.76%****
DAYWAIT,1To7DaysWait,67515,0.12881247925148911,0.45138117455380283,9211,13055,44653,0.407448,0.305707,0.505946,-0.194681,-17.265591,0.0,****,-0.395772,-40.958058,0.0,****,-19.47%****,-39.58%****
DAYWAIT,31PlusDaysWait,4214,0.008039928720518036,0.3490745135263408,932,623,2449,0.22103,0.279294,0.396897,-0.443104,-9.720506,0.0,****,-0.296306,-5.443665,0.0,****,-44.31%****,-29.63%****
DAYWAIT,8To14DaysWait,9515,0.01815375457421194,0.4124014713610089,1771,1490,6113,0.341615,0.279195,0.467855,-0.269828,-9.477644,0.0,****,-0.403246,-13.338156,0.0,****,-26.98%****,-40.32%****
DAYWAIT,Unknown,217410,0.41479850572563504,0.37070511935973505,25067,33178,145496,0.418478,0.306227,0.392629,0.065836,7.728708,0.0,****,-0.220061,-29.381192,0.0,****,6.58%****,-22.01%****
DSMCRIT,ADDOrBehaviorDisorder,38,7.250054375407815e-05,0.3157894736842105,3,6,28,0.666667,0.166667,0.321429,1.074074,1.175872,0.249209,,-0.481481,-0.738686,0.465482,,107.41%,-48.15%
DSMCRIT,AlcoholAbuse,920,0.0017552763224671553,0.1923913043478261,160,77,602,0.13125,0.194805,0.230897,-0.431565,-2.760819,0.005905,***,-0.156311,-0.711326,0.477127,,-43.16%***,-15.63%
DSMCRIT,AlcoholDependence,6216,0.011859562630930258,0.20141570141570142,977,1200,3737,0.185261,0.2,0.214878,-0.137833,-2.028587,0.042556,**,-0.06924,-1.0984,0.272084,,-13.78%**,-6.92%
DSMCRIT,AlcoholDisorder,103,0.000196514631754475,0.2524271844660194,4,6,84,0.5,0.166667,0.25,1.0,1.106904,0.271422,,-0.333333,-0.454274,0.65075,,100.00%,-33.33%
DSMCRIT,AlcoholIntoxication,134,0.0002556598121854335,0.029850746268656716,4,36,84,0.0,0.0,0.047619,-1.0,-0.442102,0.659525,,-1.0,-1.330413,0.185948,,-100.00%,-100.00%
DSMCRIT,AnxietyDisorder,346,0.0006601365299713433,0.3063583815028902,64,41,223,0.265625,0.146341,0.345291,-0.230722,-1.195872,0.23274,,-0.57618,-2.543054,0.011565,**,-23.07%,-57.62%**
DSMCRIT,BipolarDisorder,329,0.000627702076186624,0.21580547112462006,56,44,213,0.089286,0.159091,0.276995,-0.677663,-2.972548,0.003223,***,-0.425655,-1.631862,0.103943,,-67.77%***,-42.57%
DSMCRIT,CannabisAbuse,817,0.0015587616907126803,0.1419828641370869,120,62,594,0.1,0.145161,0.158249,-0.368085,-1.637665,0.101933,,-0.082704,-0.269147,0.787901,,-36.81%,-8.27%
DSMCRIT,CannabisDependence,1956,0.003731870094288865,0.22137014314928424,396,172,1298,0.15404,0.273256,0.246533,-0.375174,-3.873602,0.000111,****,0.108394,0.760518,0.447067,,-37.52%****,10.84%
DSMCRIT,CocaineAbuse,374,0.0007135579832638219,0.18716577540106952,79,39,235,0.139241,0.230769,0.191489,-0.272855,-1.047999,0.29545,,0.205128,0.569339,0.569596,,-27.29%,20.51%
DSMCRIT,CocaineDependence,2838,0.0054146458730019425,0.22163495419309373,625,554,1571,0.1728,0.243682,0.241884,-0.285608,-3.522048,0.000437,****,0.007434,0.084885,0.932361,,-28.56%****,0.74%
DSMCRIT,DepressiveDisorder,697,0.001329812605173486,0.22525107604017217,107,91,464,0.28972,0.197802,0.226293,0.280285,1.388348,0.165575,,-0.125903,-0.59744,0.550458,,28.03%,-12.59%
DSMCRIT,OpioidAbuse,13275,0.025327492587773354,0.26915254237288133,2222,1146,8532,0.349235,0.249564,0.279419,0.249863,6.447,0.0,****,-0.106847,-2.123394,0.033746,**,24.99%****,-10.68%**
DSMCRIT,OpioidDependence,309818,0.5911045648631839,0.42256744282126923,51663,38335,197604,0.304667,0.303196,0.46995,-0.351704,-68.082442,0.0,****,-0.354835,-60.619512,0.0,****,-35.17%****,-35.48%****
DSMCRIT,OtherMentalHealthCondition,44710,0.08530261345381143,0.4796913442182957,4216,10093,30364,0.662713,0.339146,0.501383,0.32177,19.759412,0.0,****,-0.323579,-28.611742,0.0,****,32.18%****,-32.36%****
DSMCRIT,OtherSubstanceAbuse,1030,0.00196514631754475,0.12427184466019417,124,69,583,0.145161,0.130435,0.137221,0.057863,0.232036,0.816577,,-0.049457,-0.155031,0.876845,,5.79%,-4.95%
DSMCRIT,OtherSubstanceDependence,5553,0.01059461893332621,0.15685215198991537,1012,779,3173,0.135375,0.209243,0.16924,-0.2001,-2.553364,0.010704,**,0.236363,2.622038,0.008774,***,-20.01%**,23.64%***
DSMCRIT,SchizopheniaOrPsychDisorder,101,0.00019269881366215509,0.13861386138613863,18,19,63,0.055556,0.052632,0.174603,-0.681818,-1.250495,0.21481,,-0.698565,-1.316328,0.191823,,-68.18%,-69.86%
DSMCRIT,SubstanceDisorder,7914,0.015099192191309856,0.13330806166287593,667,2166,4300,0.137931,0.052632,0.156977,-0.121328,-1.26649,0.205397,,-0.664717,-12.236613,0.0,****,-12.13%,-66.47%****
DSMCRIT,Unknown,126965,0.24223767204569824,0.3991887528058914,21151,30889,72963,0.420358,0.272071,0.451421,-0.06881,-8.007432,0.0,****,-0.3973,-54.747821,0.0,****,-6.88%****,-39.73%****
AGE,Age12To14,177,0.0003376999011703114,0.6101694915254238,39,0,37,0.102564,,0.513514,-0.80027,-4.299983,5.1e-05,****,,,,,-80.03%****,
AGE,Age15To17,617,0.00117717988148069,0.233387358184765,285,5,203,0.05614,0.2,0.17734,-0.683431,-4.350517,1.7e-05,****,0.127778,0.130271,0.896479,,-68.34%****,12.78%
AGE,Age18To20,6703,0.012788714336410155,0.3007608533492466,1298,728,4077,0.255778,0.210165,0.328428,-0.221204,-4.935237,1e-06,****,-0.360088,-6.377892,0.0,****,-22.12%****,-36.01%****
AGE,Age21To24,35862,0.06842143421338819,0.32290446712397525,6963,4638,22102,0.296998,0.23868,0.34852,-0.147831,-7.944526,0.0,****,-0.315161,-14.52563,0.0,****,-14.78%****,-31.52%****
AGE,Age25To29,106210,0.20263901979264845,0.3563317954994822,18981,15715,65595,0.32385,0.259879,0.387956,-0.165241,-16.103086,0.0,****,-0.330133,-30.152754,0.0,****,-16.52%****,-33.01%****
AGE,Age30To34,111165,0.21209270911637101,0.3938020060270769,18380,17815,69053,0.345974,0.289868,0.432639,-0.200317,-21.25051,0.0,****,-0.33,-34.874247,0.0,****,-20.03%****,-33.00%****
AGE,Age35To39,82557,0.1575112471238271,0.4113037053187495,12660,14204,51442,0.364455,0.296747,0.452723,-0.194972,-17.989965,0.0,****,-0.344528,-33.638079,0.0,****,-19.50%****,-34.45%****
AGE,Age40To44,51264,0.09780704934234376,0.4216019038701623,7555,9349,31769,0.377631,0.302064,0.466902,-0.191199,-14.054385,0.0,****,-0.353045,-28.581539,0.0,****,-19.12%****,-35.30%****
AGE,Age45To49,40611,0.0774820942736018,0.4257959666100318,5893,8031,24672,0.347022,0.281659,0.488205,-0.289189,-19.656751,0.0,****,-0.423073,-32.94112,0.0,****,-28.92%****,-42.31%****
AGE,Age50To54,37784,0.0720884354001076,0.4537899640059284,5252,7458,23253,0.351676,0.284795,0.530125,-0.336618,-23.587175,0.0,****,-0.462778,-37.782624,0.0,****,-33.66%****,-46.28%****
AGE,Age55To64,43497,0.08298831978081941,0.4995287031289514,5484,7067,28920,0.396973,0.322909,0.562414,-0.294162,-22.691331,0.0,****,-0.425851,-36.787233,0.0,****,-29.42%****,-42.59%****
AGE,Age65Plus,7687,0.014666096837831547,0.5902172499024326,878,814,5592,0.498861,0.362408,0.64181,-0.222728,-8.163366,0.0,****,-0.435334,-15.5261,0.0,****,-22.27%****,-43.53%****
RACE,AlaskaNative,479,0.0009138884331106168,0.4697286012526096,96,76,299,0.385417,0.407895,0.511706,-0.2468,-2.161955,0.031225,**,-0.202872,-1.61783,0.106545,,-24.68%**,-20.29%
RACE,AmericanIndian,5909,0.011273834553759153,0.43831443560670164,1172,993,3262,0.40785,0.44713,0.465359,-0.12358,-3.397881,0.000685,****,-0.039171,-1.008839,0.313109,,-12.36%****,-3.92%
RACE,Asian,2350,0.004483586258475886,0.41914893617021276,401,440,1413,0.369077,0.268182,0.492569,-0.250709,-4.396501,1.2e-05,****,-0.455545,-8.434676,0.0,****,-25.07%****,-45.55%****
RACE,AsianOrPacificIslander,46,8.776381612335777e-05,0.32608695652173914,10,1,32,0.5,0.0,0.28125,0.777778,1.275153,0.209612,,-1.0,,,,77.78%,-100.00%
RACE,Black,82583,0.15756085275902726,0.3752346124505043,14363,16383,48911,0.289076,0.229995,0.454622,-0.364139,-35.731669,0.0,****,-0.494097,-51.867943,0.0,****,-36.41%****,-49.41%****
RACE,OtherSingleRace,42817,0.08169094162943064,0.43482728822663896,5961,9948,26523,0.420064,0.309509,0.488482,-0.140062,-9.570579,0.0,****,-0.366385,-31.071934,0.0,****,-14.01%****,-36.64%****
RACE,PacificIslander,1349,0.0025737693032697744,0.3647146034099333,218,249,848,0.362385,0.232932,0.411557,-0.119476,-1.320785,0.186857,,-0.434023,-5.187974,0.0,****,-11.95%,-43.40%****
RACE,TwoPlusRaces,8442,0.01610656816768231,0.38036010424070127,1553,2099,4674,0.356729,0.269652,0.438596,-0.186658,-5.68041,0.0,****,-0.385193,-13.377541,0.0,****,-18.67%****,-38.52%****
RACE,Unknown,16470,0.0314232619902544,0.5282331511839709,1745,1262,4543,0.405731,0.277338,0.341845,0.186886,4.73472,2e-06,****,-0.188703,-4.324841,1.6e-05,****,18.69%****,-18.87%****
RACE,White,363689,0.6938855330888666,0.4012191735246323,58149,54373,236210,0.347985,0.296048,0.44557,-0.21901,-42.756812,0.0,****,-0.335575,-64.191431,0.0,****,-21.90%****,-33.56%****
ETHNIC,CubanOrOther,13234,0.025249268316880798,0.3710896176515037,2087,2628,8364,0.358888,0.278919,0.406863,-0.117913,-4.009446,6.1e-05,****,-0.314463,-11.884579,0.0,****,-11.79%****,-31.45%****
ETHNIC,Mexican,14597,0.02784974834679681,0.5222305953278071,3340,2642,8600,0.414072,0.340651,0.620116,-0.332267,-20.733568,0.0,****,-0.450666,-26.026117,0.0,****,-33.23%****,-45.07%****
ETHNIC,NonHispanic,437559,0.8348227743287022,0.3937526139332067,71109,69834,278916,0.335612,0.280938,0.444826,-0.245521,-52.837694,0.0,****,-0.368432,-79.398188,0.0,****,-24.55%****,-36.84%****
ETHNIC,PuertoRican,30009,0.05725444256621398,0.43616914925522343,3003,7420,19343,0.472527,0.319946,0.478209,-0.011881,-0.579928,0.561969,,-0.330949,-23.623822,0.0,****,-1.19%,-33.09%****
ETHNIC,Unknown,15955,0.030440688831482026,0.5567533688498904,1412,1070,4791,0.456799,0.318692,0.372991,0.224691,5.682819,0.0,****,-0.145578,-3.342033,0.000837,****,22.47%****,-14.56%****
ETHNIC,UnspecifiedHispanic,12780,0.02438307760992418,0.3870892018779343,2717,2230,6701,0.308796,0.243946,0.436651,-0.292808,-11.55582,0.0,****,-0.441325,-16.412314,0.0,****,-29.28%****,-44.13%****
PRIMINC,None,132557,0.2529066994318247,0.30224733510867025,27494,32674,70690,0.264058,0.242854,0.346371,-0.237646,-24.836921,0.0,****,-0.298864,-33.532109,0.0,****,-23.76%****,-29.89%****
PRIMINC,Other,64386,0.12284263184605464,0.4382008511167024,7741,9760,44034,0.415838,0.282992,0.479062,-0.131974,-10.289225,0.0,****,-0.409279,-35.691012,0.0,****,-13.20%****,-40.93%****
PRIMINC,PublicAssist,37355,0.07126994241930498,0.49717574621871236,9002,8015,19178,0.510331,0.34136,0.564084,-0.095292,-8.462284,0.0,****,-0.394842,-34.202229,0.0,****,-9.53%****,-39.48%****
PRIMINC,RetireOrDisable,27375,0.05222901013862867,0.48420091324200915,3337,3892,19431,0.388972,0.261819,0.546343,-0.288045,-16.919379,0.0,****,-0.520779,-33.157095,0.0,****,-28.80%****,-52.08%****
PRIMINC,Unknown,186176,0.35520687457787514,0.42108542454451703,28271,27907,111107,0.365923,0.322285,0.453968,-0.193946,-26.721503,0.0,****,-0.290071,-39.980431,0.0,****,-19.39%****,-29.01%****
PRIMINC,Wages,76285,0.1455448415863119,0.4357475257258963,7823,3576,62275,0.279177,0.297819,0.470735,-0.406934,-32.342247,0.0,****,-0.367332,-20.233935,0.0,****,-40.69%****,-36.73%****
SUB1,Heroin,409962,0.782170208381826,0.4019982339826618,69086,77472,247045,0.348537,0.286762,0.462523,-0.246445,-53.629677,0.0,****,-0.380006,-87.479505,0.0,****,-24.64%****,-38.00%****
SUB1,NoScriptMethadone,2444,0.004662929708814921,0.5016366612111293,301,228,1781,0.385382,0.342105,0.523863,-0.264346,-4.463432,8e-06,****,-0.346957,-5.200338,0.0,****,-26.43%****,-34.70%****
SUB1,OtherOpioidSynthetics,111728,0.21316686190935905,0.40914542460260633,14281,8124,77889,0.329459,0.272895,0.405333,-0.18719,-17.088264,0.0,****,-0.326739,-23.332572,0.0,****,-18.72%****,-32.67%****
SUB2,Alcohol,40780,0.07780453090240282,0.28678273663560566,5604,9018,24947,0.296395,0.224551,0.312062,-0.050202,-2.293187,0.021844,**,-0.280428,-15.771568,0.0,****,-5.02%**,-28.04%****
SUB2,Barbiturates,201,0.00038348971827815027,0.24875621890547264,45,32,122,0.266667,0.15625,0.270492,-0.014141,-0.049135,0.960871,,-0.422348,-1.333232,0.184451,,-1.41%,-42.23%
SUB2,Benzo,27034,0.05157841315388813,0.30587408448620257,3546,5360,17556,0.341512,0.227985,0.326612,0.045619,1.722289,0.085032,*,-0.30197,-13.802019,0.0,****,4.56%*,-30.20%****
SUB2,CokeCrack,108785,0.20755188558651033,0.4039619432826217,18779,23946,63580,0.370201,0.304853,0.45766,-0.1911,-21.284161,0.0,****,-0.333888,-41.286104,0.0,****,-19.11%****,-33.39%****
SUB2,Hallucinogenics,402,0.0007669794365563005,0.2960199004975124,110,89,190,0.2,0.269663,0.373684,-0.464789,-3.176476,0.001647,***,-0.278367,-1.711781,0.088056,*,-46.48%***,-27.84%*
SUB2,Heroin,8103,0.015459787001034087,0.46908552388004443,1143,814,5756,0.422572,0.39312,0.502606,-0.159238,-4.952224,1e-06,****,-0.217836,-5.863389,0.0,****,-15.92%****,-21.78%****
SUB2,Inhalants,98,0.00018697508652367525,0.3877551020408163,33,13,47,0.363636,0.230769,0.489362,-0.256917,-1.110561,0.270169,,-0.528428,-1.676486,0.099026,*,-25.69%,-52.84%*
SUB2,MethSpeed,59329,0.11319433579962376,0.2965328928517251,13428,13866,27797,0.27748,0.264316,0.340576,-0.185264,-12.895989,0.0,****,-0.223917,-15.835051,0.0,****,-18.53%****,-22.39%****
SUB2,NoScriptMethadone,1522,0.002903837568255446,0.5039421813403416,186,201,1119,0.413978,0.243781,0.570152,-0.273915,-3.98383,7.2e-05,****,-0.572428,-8.766114,0.0,****,-27.39%****,-57.24%****
SUB2,None,149146,0.28455700259857214,0.4261596020007241,23830,19519,99659,0.369198,0.309237,0.474749,-0.222329,-29.500729,0.0,****,-0.34863,-42.850771,0.0,****,-22.23%****,-34.86%****
SUB2,OtherAmphetamines,2821,0.005382211419217223,0.3239985820630982,610,432,1693,0.3,0.256944,0.349084,-0.140609,-2.201804,0.027778,**,-0.263948,-3.643985,0.000275,****,-14.06%**,-26.39%****
SUB2,OtherDrugs,3812,0.007272949283961735,0.3950682056663169,485,583,2672,0.406186,0.28988,0.418787,-0.030091,-0.51771,0.604697,,-0.307811,-5.794856,0.0,****,-3.01%,-30.78%****
SUB2,OtherOpioidSynthetics,21577,0.041166953488993276,0.4684154423691894,3118,2220,15342,0.416292,0.366667,0.505475,-0.176433,-9.101277,0.0,****,-0.27461,-12.281052,0.0,****,-17.64%****,-27.46%****
SUB2,OtherSedatives,1428,0.0027244941179164106,0.226890756302521,262,208,890,0.179389,0.182692,0.258427,-0.305841,-2.6369,0.00848,***,-0.29306,-2.292763,0.02205,**,-30.58%***,-29.31%**
SUB2,OtherStimulants,2392,0.004563718438414604,0.22408026755852842,831,328,1148,0.181709,0.17378,0.267422,-0.320516,-4.482487,8e-06,****,-0.350163,-3.481759,0.000513,****,-32.05%****,-35.02%****
SUB2,OtherTranqs,132,0.00025184399409311357,0.29545454545454547,24,23,85,0.166667,0.26087,0.341176,-0.511494,-1.648579,0.102167,,-0.235382,-0.725033,0.470029,,-51.15%,-23.54%
SUB2,OverTheCounter,229,0.0004369111715706289,0.3930131004366812,64,11,142,0.34375,0.454545,0.429577,-0.199795,-1.160413,0.247237,,0.058122,0.160036,0.873067,,-19.98%,5.81%
SUB2,PCP,486,0.0009272437964337365,0.3148148148148148,74,132,267,0.202703,0.242424,0.385768,-0.474547,-2.958132,0.003313,***,-0.37158,-2.869491,0.004331,***,-47.45%***,-37.16%***
SUB2,PotHash,45382,0.08658472833283092,0.36009871755321493,7050,5330,31229,0.279149,0.29606,0.399597,-0.301423,-18.931955,0.0,****,-0.259103,-14.401008,0.0,****,-30.14%****,-25.91%****
SUB2,Unknown,50475,0.09630170910492356,0.6318969787023279,4446,3699,32474,0.463563,0.284401,0.647872,-0.284484,-24.000546,0.0,****,-0.561023,-44.095067,0.0,****,-28.45%****,-56.10%****
SUB3,Alcohol,25708,0.04904852575868003,0.324451532596857,4413,5400,15039,0.307727,0.262037,0.360995,-0.147558,-6.534824,0.0,****,-0.274125,-13.273454,0.0,****,-14.76%****,-27.41%****
SUB3,Barbiturates,134,0.0002556598121854335,0.23134328358208955,38,20,73,0.289474,0.1,0.219178,0.320724,0.814122,0.41735,,-0.54375,-1.191484,0.236562,,32.07%,-54.37%
SUB3,Benzo,14609,0.027872643255350733,0.3497843794920939,2447,2961,8828,0.340826,0.285377,0.381627,-0.106914,-3.695322,0.000221,****,-0.25221,-9.492227,0.0,****,-10.69%****,-25.22%****
SUB3,CokeCrack,23567,0.044963692490851574,0.36338948529723764,3609,4763,14565,0.351621,0.273987,0.403982,-0.129613,-5.769024,0.0,****,-0.321784,-16.222018,0.0,****,-12.96%****,-32.18%****
SUB3,Hallucinogenics,549,0.0010474420663418133,0.3205828779599271,118,108,301,0.220339,0.296296,0.388704,-0.433145,-3.303952,0.001036,***,-0.237733,-1.713893,0.08731,*,-43.31%***,-23.77%*
SUB3,Heroin,1228,0.0023429123086844204,0.3241042345276873,214,129,809,0.275701,0.24031,0.3733,-0.26145,-2.663559,0.007854,***,-0.356255,-2.941886,0.003343,***,-26.15%***,-35.63%***
SUB3,Inhalants,61,0.00011638245181575703,0.29508196721311475,14,11,35,0.428571,0.454545,0.2,1.142857,1.649155,0.105785,,1.272727,1.692746,0.097574,*,114.29%,127.27%*
SUB3,MethSpeed,9675,0.01845902002159753,0.2943669250645995,2028,1760,5349,0.259862,0.28125,0.322116,-0.193267,-5.193868,0.0,****,-0.126868,-3.21171,0.001325,***,-19.33%****,-12.69%***
SUB3,NoScriptMethadone,769,0.0014671820564970026,0.31859557867360205,78,140,527,0.24359,0.142857,0.373814,-0.348367,-2.246005,0.025065,**,-0.617839,-5.284546,0.0,****,-34.84%**,-61.78%****
SUB3,None,323239,0.6167106121716965,0.41428787986598153,47286,45954,208222,0.339678,0.292031,0.45233,-0.249048,-44.824155,0.0,****,-0.354384,-63.444176,0.0,****,-24.90%****,-35.44%****
SUB3,OtherAmphetamines,1655,0.00315758947139472,0.37280966767371604,320,276,1021,0.334375,0.293478,0.412341,-0.189081,-2.494751,0.012724,**,-0.288263,-3.612344,0.000315,****,-18.91%**,-28.83%****
SUB3,OtherDrugs,5215,0.009949745675724146,0.3267497603068073,859,913,3333,0.264261,0.24425,0.371737,-0.289119,-5.913015,0.0,****,-0.34295,-7.225279,0.0,****,-28.91%****,-34.29%****
SUB3,OtherOpioidSynthetics,5915,0.011285282008036112,0.3648351648351648,999,937,3747,0.303303,0.303095,0.407526,-0.255745,-6.035329,0.0,****,-0.256256,-5.891608,0.0,****,-25.57%****,-25.63%****
SUB3,OtherSedatives,787,0.0015015244193278818,0.27064803049555275,150,108,494,0.26,0.268519,0.285425,-0.089078,-0.606972,0.544084,,-0.059233,-0.353009,0.724206,,-8.91%,-5.92%
SUB3,OtherStimulants,1584,0.0030221279291173632,0.17929292929292928,729,207,615,0.124829,0.091787,0.273171,-0.543038,-6.987762,0.0,****,-0.663992,-5.475411,0.0,****,-54.30%****,-66.40%****
SUB3,OtherTranqs,46,8.776381612335777e-05,0.391304347826087,6,10,27,0.333333,0.1,0.555556,-0.4,-0.969223,0.339935,,-0.82,-2.646696,0.012099,**,-40.00%,-82.00%**
SUB3,OverTheCounter,165,0.000314804992616392,0.4121212121212121,51,9,98,0.156863,0.222222,0.571429,-0.72549,-5.25012,1e-06,****,-0.611111,-2.032247,0.044653,**,-72.55%****,-61.11%**
SUB3,PCP,445,0.0008490195255411784,0.24943820224719102,71,120,247,0.239437,0.208333,0.275304,-0.130282,-0.600311,0.548729,,-0.24326,-1.383525,0.16735,,-13.03%,-24.33%
SUB3,PotHash,41305,0.07880618315163679,0.354509139329379,6938,7026,25879,0.296483,0.292912,0.396229,-0.251737,-15.292382,0.0,****,-0.26075,-15.931625,0.0,****,-25.17%****,-26.08%****
SUB3,Unknown,67478,0.1287418866167812,0.47840777734965473,13300,14972,37506,0.441955,0.281793,0.577241,-0.234367,-27.097809,0.0,****,-0.511828,-63.429174,0.0,****,-23.44%****,-51.18%****
ROUTE1,Inhalation,153783,0.2934039768456158,0.3991988711366016,22484,24262,103165,0.314312,0.264776,0.453633,-0.307121,-38.47406,0.0,****,-0.41632,-54.286255,0.0,****,-30.71%****,-41.63%****
ROUTE1,Injection,253372,0.4834107308436392,0.39567513379536806,44146,51208,148457,0.355366,0.296614,0.451909,-0.213632,-36.09522,0.0,****,-0.343642,-62.15624,0.0,****,-21.36%****,-34.36%****
ROUTE1,Oral,69816,0.13320257796670318,0.39523891371605363,9261,4750,52383,0.341,0.289263,0.42594,-0.199417,-15.331603,0.0,****,-0.320882,-18.362223,0.0,****,-19.94%****,-32.09%****
ROUTE1,Other,13427,0.02561749476278967,0.7255529902435391,1829,641,5260,0.464188,0.450858,0.606274,-0.234359,-10.654365,0.0,****,-0.256346,-7.587055,0.0,****,-23.44%****,-25.63%****
ROUTE1,Smoking,28877,0.055094689525960916,0.3651002527963431,5496,4680,15478,0.372999,0.249573,0.438816,-0.149989,-8.502568,0.0,****,-0.43126,-23.522518,0.0,****,-15.00%****,-43.13%****
ROUTE1,Unknown,4859,0.009270530055291205,0.45708993620086436,452,283,1972,0.19469,0.236749,0.297667,-0.345947,-4.421291,1e-05,****,-0.204652,-2.113099,0.034702,**,-34.59%****,-20.47%**
ROUTE2,Inhalation,43816,0.08359694276654443,0.4273781267117035,6153,6067,30483,0.380302,0.321411,0.46603,-0.183954,-12.35102,0.0,****,-0.310322,-20.836279,0.0,****,-18.40%****,-31.03%****
ROUTE2,Injection,62320,0.11890089175668818,0.34244223363286264,12269,15053,32623,0.33173,0.283399,0.386752,-0.142265,-10.764151,0.0,****,-0.267234,-22.043918,0.0,****,-14.23%****,-26.72%****
ROUTE2,Oral,85476,0.163080433629568,0.33142636529552155,11889,16141,54926,0.335184,0.241373,0.362378,-0.075045,-5.61073,0.0,****,-0.33392,-28.803169,0.0,****,-7.50%****,-33.39%****
ROUTE2,Other,2724,0.005197144241739708,0.35719530102790015,661,356,1598,0.340393,0.280899,0.380476,-0.105348,-1.796947,0.072478,*,-0.261716,-3.544283,0.000403,****,-10.53%*,-26.17%****
ROUTE2,Smoking,129279,0.24665257357851236,0.36419681464120235,24262,24813,74669,0.308177,0.289082,0.418849,-0.264227,-30.827339,0.0,****,-0.309817,-36.611947,0.0,****,-26.42%****,-30.98%****
ROUTE2,Unknown,200519,0.3825720140269473,0.47522179943047793,28434,23394,132416,0.379932,0.304608,0.514726,-0.261875,-41.472252,0.0,****,-0.408214,-59.967605,0.0,****,-26.19%****,-40.82%****
ROUTE3,Inhalation,14089,0.026880530551347558,0.38079352686493007,2067,1926,9658,0.349782,0.2892,0.416235,-0.159652,-5.593838,0.0,****,-0.3052,-10.460968,0.0,****,-15.97%****,-30.52%****
ROUTE3,Injection,12670,0.024173207614846585,0.3303078137332281,2420,2885,6997,0.326446,0.282496,0.360726,-0.09503,-3.044929,0.002334,***,-0.216869,-7.495789,0.0,****,-9.50%***,-21.69%****
ROUTE3,Oral,47655,0.09092140559475248,0.33952365963697406,7995,9345,28860,0.319199,0.271161,0.375572,-0.150097,-9.284506,0.0,****,-0.278005,-18.473207,0.0,****,-15.01%****,-27.80%****
ROUTE3,Other,1067,0.0020357389522526683,0.32146204311152765,208,181,648,0.269231,0.254144,0.356481,-0.244755,-2.323746,0.020373,**,-0.287078,-2.587962,0.009824,***,-24.48%**,-28.71%***
ROUTE3,Smoking,60903,0.11619738463827953,0.34423591612892634,10757,11115,36937,0.287999,0.280792,0.388797,-0.259258,-19.171504,0.0,****,-0.277794,-20.844391,0.0,****,-25.93%****,-27.78%****
ROUTE3,Unknown,387750,0.7397917326485212,0.42477111540941326,60221,60372,243615,0.360024,0.288843,0.471207,-0.235953,-49.312731,0.0,****,-0.387015,-81.797551,0.0,****,-23.60%****,-38.70%****
FREQ1,DailyUse,305825,0.5834862840418672,0.3999771110929453,40068,60152,192934,0.345962,0.274139,0.450522,-0.232087,-38.564537,0.0,****,-0.391508,-77.74744,0.0,****,-23.21%****,-39.15%****
FREQ1,NoUsePastMonth,121230,0.2312958136659709,0.4103192279138827,27745,11258,76138,0.342512,0.355392,0.459757,-0.255015,-33.973038,0.0,****,-0.227001,-20.843115,0.0,****,-25.50%****,-22.70%****
FREQ1,SomeUse,87469,0.1668828963585648,0.3845591009386182,15388,14041,54106,0.352937,0.280963,0.42827,-0.175901,-16.789056,0.0,****,-0.343959,-32.013532,0.0,****,-17.59%****,-34.40%****
FREQ1,Unknown,9610,0.018335005933597135,0.6285119667013528,467,373,3537,0.222698,0.201072,0.472152,-0.528333,-10.332165,0.0,****,-0.574136,-10.145273,0.0,****,-52.83%****,-57.41%****
FREQ2,DailyUse,136621,0.26066044179541875,0.3205583329063614,18382,34671,79566,0.308073,0.244498,0.363057,-0.151447,-14.075589,0.0,****,-0.326557,-39.538319,0.0,****,-15.14%****,-32.66%****
FREQ2,NoUsePastMonth,83407,0.15913296981306307,0.37987219298140446,21598,8982,48951,0.328688,0.338343,0.425242,-0.227056,-24.27196,0.0,****,-0.20435,-15.413299,0.0,****,-22.71%****,-20.43%****
FREQ2,SomeUse,104598,0.1995634704102386,0.40169984129715675,15644,18814,66444,0.361992,0.316307,0.444615,-0.185831,-18.826259,0.0,****,-0.288582,-31.702701,0.0,****,-18.58%****,-28.86%****
FREQ2,Unknown,199508,0.3806431179812796,0.47239709685827136,28044,23357,131754,0.37352,0.30158,0.512493,-0.27117,-42.514656,0.0,****,-0.411543,-60.149145,0.0,****,-27.12%****,-41.15%****
FREQ3,DailyUse,49090,0.09365925507599202,0.2982888572010593,6588,12782,28563,0.269733,0.22962,0.341211,-0.209483,-11.160362,0.0,****,-0.327044,-22.883316,0.0,****,-20.95%****,-32.70%****
FREQ3,NoUsePastMonth,42225,0.08056145947410395,0.3831853167554766,10939,4320,25045,0.335405,0.370833,0.420403,-0.202182,-15.222695,0.0,****,-0.11791,-6.11443,0.0,****,-20.22%****,-11.79%****
FREQ3,SomeUse,47064,0.08979383134847195,0.37797467278599356,6475,8647,30467,0.349653,0.319301,0.407359,-0.14166,-8.626274,0.0,****,-0.216166,-14.872737,0.0,****,-14.17%****,-21.62%****
FREQ3,Unknown,385755,0.7359854541014321,0.42288758408834626,59666,60075,242640,0.355144,0.286525,0.47017,-0.244648,-50.840004,0.0,****,-0.390592,-82.217187,0.0,****,-24.46%****,-39.06%****
FRSTUSE1,11yLess,6208,0.011844299358560979,0.3490657216494845,1525,1379,3028,0.285902,0.237854,0.441215,-0.352013,-10.259077,0.0,****,-0.460913,-13.160967,0.0,****,-35.20%****,-46.09%****
FRSTUSE1,12To14y,34248,0.06534206901288601,0.37999299229152067,7245,7119,18562,0.317046,0.262677,0.458086,-0.30789,-20.810455,0.0,****,-0.426577,-29.030633,0.0,****,-30.79%****,-42.66%****
FRSTUSE1,15To17y,79970,0.1525754864214113,0.3926097286482431,14018,14225,48479,0.33407,0.291388,0.448565,-0.255247,-24.280972,0.0,****,-0.350399,-33.781118,0.0,****,-25.52%****,-35.04%****
FRSTUSE1,18To20y,106956,0.20406231994108376,0.3975186057818168,17718,17481,67498,0.355627,0.284766,0.447243,-0.204846,-21.995935,0.0,****,-0.363285,-39.22231,0.0,****,-20.48%****,-36.33%****
FRSTUSE1,21To24y,91979,0.17548756615674618,0.3767490405418628,15029,14577,58778,0.335152,0.281814,0.421059,-0.204026,-19.203902,0.0,****,-0.330702,-31.00717,0.0,****,-20.40%****,-33.07%****
FRSTUSE1,25To29y,81576,0.1556395883495442,0.38964891634794546,12792,13333,52383,0.348499,0.283732,0.436153,-0.200971,-18.05862,0.0,****,-0.349467,-32.258786,0.0,****,-20.10%****,-34.95%****
FRSTUSE1,30yPlus,104564,0.19949860150266915,0.41233120385601163,14044,16749,69949,0.359869,0.302645,0.458806,-0.21564,-21.603053,0.0,****,-0.340364,-36.96947,0.0,****,-21.56%****,-34.04%****
FRSTUSE1,Unknown,18633,0.035550069257098374,0.7027317125529974,1297,961,8038,0.48882,0.239334,0.660114,-0.259492,-11.989553,0.0,****,-0.637436,-26.289811,0.0,****,-25.95%****,-63.74%****
FRSTUSE2,11yLess,12666,0.024165575978661945,0.3192799621032686,2424,2885,6901,0.275578,0.230503,0.379365,-0.273583,-9.242953,0.0,****,-0.392399,-14.368625,0.0,****,-27.36%****,-39.24%****
FRSTUSE2,12To14y,50914,0.09713928117618777,0.3522803158266881,8522,10111,30460,0.342056,0.269607,0.391924,-0.127239,-8.386739,0.0,****,-0.312092,-22.318202,0.0,****,-12.72%****,-31.21%****
FRSTUSE2,15To17y,73547,0.14032098661792594,0.36471915917712483,11455,14080,45387,0.355565,0.28608,0.401392,-0.114171,-8.983111,0.0,****,-0.287282,-24.831088,0.0,****,-11.42%****,-28.73%****
FRSTUSE2,18To20y,58474,0.111563073565157,0.37633820159387077,9306,11127,35952,0.372126,0.290195,0.413357,-0.099747,-7.225981,0.0,****,-0.297955,-23.475885,0.0,****,-9.97%****,-29.80%****
FRSTUSE2,21To24y,39113,0.07462404652245418,0.37210134737810957,6497,7376,23703,0.354471,0.291215,0.412986,-0.141686,-8.537863,0.0,****,-0.294855,-18.884776,0.0,****,-14.17%****,-29.49%****
FRSTUSE2,25To29y,35906,0.06850538221141922,0.37522976661282237,5500,7103,21940,0.376182,0.285372,0.415223,-0.094025,-5.271659,0.0,****,-0.312726,-19.691873,0.0,****,-9.40%****,-31.27%****
FRSTUSE2,30yPlus,42233,0.08057672274647323,0.40203158667392797,5780,8131,26876,0.392561,0.308941,0.441025,-0.109891,-6.751682,0.0,****,-0.299494,-21.352665,0.0,****,-10.99%****,-29.95%****
FRSTUSE2,Unknown,211281,0.4031049311817207,0.45402568143846345,34184,25011,135496,0.325883,0.286914,0.504672,-0.354266,-59.815291,0.0,****,-0.431484,-64.199818,0.0,****,-35.43%****,-43.15%****
FRSTUSE3,11yLess,9602,0.018319742661227854,0.3287856696521558,2014,2110,5143,0.290963,0.254028,0.381295,-0.236908,-7.202559,0.0,****,-0.333774,-10.43687,0.0,****,-23.69%****,-33.38%****
FRSTUSE3,12To14y,33425,0.06377185986789638,0.3533582647718773,5826,6436,20010,0.325781,0.28931,0.390505,-0.165744,-8.989922,0.0,****,-0.259138,-14.720079,0.0,****,-16.57%****,-25.91%****
FRSTUSE3,15To17y,35647,0.06801123376846378,0.3596375571576851,5628,6261,22543,0.337065,0.299473,0.391696,-0.139473,-7.557654,0.0,****,-0.235445,-13.400066,0.0,****,-13.95%****,-23.54%****
FRSTUSE3,18To20y,20570,0.039245689079510204,0.360719494409334,3101,3689,13099,0.355692,0.292491,0.38835,-0.084096,-3.366565,0.000763,****,-0.246837,-10.704157,0.0,****,-8.41%****,-24.68%****
FRSTUSE3,21To24y,11466,0.021876085123270002,0.366125937554509,1764,1979,7321,0.384921,0.278423,0.395028,-0.025586,-0.780142,0.435328,,-0.29518,-9.577319,0.0,****,-2.56%,-29.52%****
FRSTUSE3,25To29y,10127,0.01932139491046183,0.36358250222178334,1554,1970,6273,0.398327,0.291371,0.387056,0.029121,0.81573,0.41468,,-0.247213,-7.726089,0.0,****,2.91%,-24.72%****
FRSTUSE3,30yPlus,12803,0.024426959517985857,0.3763961571506678,1603,2615,8191,0.41048,0.287954,0.40398,0.016091,0.484798,0.627831,,-0.287207,-10.720634,0.0,****,1.61%,-28.72%****
FRSTUSE3,Unknown,390494,0.7450270350711841,0.419560863931328,62178,60764,244135,0.345138,0.284395,0.468786,-0.263761,-55.683164,0.0,****,-0.393336,-83.029313,0.0,****,-26.38%****,-39.33%****
HLTHINS,Medicaid,187253,0.3572616926205894,0.4163030765862229,26558,28916,111385,0.29091,0.235959,0.495812,-0.413264,-61.049555,0.0,****,-0.524095,-81.109601,0.0,****,-41.33%****,-52.41%****
HLTHINS,MedicareOrOther,18456,0.035212369355928065,0.3763003901170351,4174,2248,10668,0.371826,0.235765,0.392013,-0.051498,-2.27123,0.023147,**,-0.398579,-14.092369,0.0,****,-5.15%**,-39.86%****
HLTHINS,None,62769,0.11975754291841399,0.23185011709601874,16010,10268,35016,0.20075,0.135956,0.275331,-0.27088,-18.064681,0.0,****,-0.506208,-29.196898,0.0,****,-27.09%****,-50.62%****
HLTHINS,PrivateInsurance,12202,0.02328030618124373,0.393787903622357,1640,846,9404,0.220122,0.268322,0.425245,-0.482364,-15.857841,0.0,****,-0.369018,-8.914934,0.0,****,-48.24%****,-36.90%****
HLTHINS,Unknown,243454,0.4644880889238248,0.44150434989772197,35286,43546,160242,0.45477,0.356749,0.460054,-0.011487,-1.803366,0.071332,*,-0.22455,-38.670232,0.0,****,-1.15%*,-22.46%****
PRIMPAY,Medicaid,150150,0.2864725432809167,0.4529204129204129,22994,17696,89733,0.289293,0.26667,0.541072,-0.465334,-69.589014,0.0,****,-0.507144,-68.150792,0.0,****,-46.53%****,-50.71%****
PRIMPAY,Medicare,2867,0.0054699752353405805,0.46843390303453086,316,245,1703,0.382911,0.297959,0.579565,-0.339313,-6.516309,0.0,****,-0.485892,-8.42006,0.0,****,-33.93%****,-48.59%****
PRIMPAY,NoCharge,5816,0.011096399012466278,0.15646492434662998,682,837,4116,0.180352,0.133811,0.15792,0.142044,1.475895,0.140038,,-0.152666,-1.762493,0.078048,*,14.20%,-15.27%*
PRIMPAY,Other,7365,0.014051750124968043,0.30604209097080787,1663,934,4264,0.182201,0.214133,0.315432,-0.422376,-10.37682,0.0,****,-0.321143,-6.156157,0.0,****,-42.24%****,-32.11%****
PRIMPAY,OtherGovtPayment,44295,0.08451083119965505,0.3257478270685179,14025,7280,19732,0.293619,0.150412,0.358453,-0.180874,-12.498406,0.0,****,-0.580386,-33.718781,0.0,****,-18.09%****,-58.04%****
PRIMPAY,PrivateInsurance,7101,0.013548062136781815,0.38895930150683,946,391,5674,0.243129,0.329923,0.419105,-0.419885,-10.335927,0.0,****,-0.21279,-3.466578,0.000531,****,-41.99%****,-21.28%****
PRIMPAY,SelfPay,8206,0.015656301632788562,0.48939800146234463,1100,662,6253,0.336364,0.249245,0.535903,-0.372342,-12.330612,0.0,****,-0.534907,-14.231178,0.0,****,-37.23%****,-53.49%****
PRIMPAY,Unknown,298334,0.5691941373770829,0.3956069371912018,41942,57779,195240,0.404916,0.311843,0.422209,-0.040957,-6.512381,0.0,****,-0.2614,-47.843595,0.0,****,-4.10%****,-26.14%****
FREQ_ATND_SELF_HELP,1To3TimesPastMonth,33748,0.06438811448980604,0.367932914543084,6332,5670,20037,0.284744,0.213051,0.44318,-0.357498,-22.601376,0.0,****,-0.519267,-31.945758,0.0,****,-35.75%****,-51.93%****
FREQ_ATND_SELF_HELP,4To7TimesPastMonth,20638,0.039375426894649075,0.33869561003973253,4472,3479,11895,0.288685,0.253809,0.388903,-0.257693,-11.94294,0.0,****,-0.347373,-14.718573,0.0,****,-25.77%****,-34.74%****
FREQ_ATND_SELF_HELP,8To30TimesPastMonth,41755,0.07966474222240877,0.3021674051011855,11248,7519,21446,0.29383,0.220774,0.342954,-0.143239,-9.012437,0.0,****,-0.356258,-19.822027,0.0,****,-14.32%****,-35.63%****
FREQ_ATND_SELF_HELP,NoAttendance,332025,0.6334735010512579,0.4262389880280099,47118,53525,216874,0.35097,0.322746,0.482151,-0.272075,-52.059863,0.0,****,-0.330611,-66.927825,0.0,****,-27.21%****,-33.06%****
FREQ_ATND_SELF_HELP,SomeAttendance,32623,0.062241716812876095,0.715967262360911,5872,3635,16512,0.641689,0.592572,0.668907,-0.04069,-3.787398,0.000153,****,-0.114119,-8.781933,0.0,****,-4.07%****,-11.41%****
FREQ_ATND_SELF_HELP,Unknown,63345,0.12085649852900213,0.2342726339884758,8626,11996,39951,0.254579,0.110954,0.257716,-0.01217,-0.60443,0.545561,,-0.569473,-34.198611,0.0,****,-1.22%,-56.95%****
ALCFLG,NotReported,457646,0.8731469433389172,0.4188980128745799,73651,71406,286729,0.351401,0.295087,0.465785,-0.245573,-55.991343,0.0,****,-0.366473,-83.19094,0.0,****,-24.56%****,-36.65%****
ALCFLG,Reported,66488,0.12685305666108285,0.3013476115990856,10017,14418,39986,0.301388,0.238591,0.330466,-0.087991,-5.559635,0.0,****,-0.278017,-20.600652,0.0,****,-8.80%****,-27.80%****
COKEFLG,NotReported,391782,0.7474844219226381,0.406435211418595,61280,57115,248570,0.337451,0.278491,0.449716,-0.249636,-50.521495,0.0,****,-0.380741,-75.51515,0.0,****,-24.96%****,-38.07%****
COKEFLG,Reported,132352,0.2525155780773619,0.39673748791102514,22388,28709,78145,0.367206,0.299732,0.447655,-0.179713,-21.487103,0.0,****,-0.33044,-44.006876,0.0,****,-17.97%****,-33.04%****
MARFLG,NotReported,437447,0.8346090885155323,0.41321120044256787,69680,73468,269607,0.356989,0.284137,0.460059,-0.224035,-49.045232,0.0,****,-0.382389,-86.506592,0.0,****,-22.40%****,-38.24%****
MARFLG,Reported,86687,0.16539091148446772,0.35743537093220434,13988,12356,57108,0.287747,0.29427,0.39807,-0.277146,-24.237261,0.0,****,-0.260759,-21.630035,0.0,****,-27.71%****,-26.08%****
HERFLG,NotReported,104841,0.20002709230845547,0.40766494024284394,13225,7409,73105,0.323554,0.262384,0.400916,-0.192964,-16.819707,0.0,****,-0.345541,-23.394308,0.0,****,-19.30%****,-34.55%****
HERFLG,Reported,419293,0.7999729076915445,0.4030665906657159,70443,78415,253610,0.349517,0.287789,0.463148,-0.245346,-54.011184,0.0,****,-0.378624,-87.909738,0.0,****,-24.53%****,-37.86%****
METHFLG,NotReported,519399,0.9909660506664326,0.4033604223342748,83103,85255,323288,0.34521,0.285778,0.448516,-0.230329,-53.884156,0.0,****,-0.362837,-86.584363,0.0,****,-23.03%****,-36.28%****
METHFLG,Reported,4735,0.00903394933356737,0.4726504751847941,565,569,3427,0.375221,0.258348,0.515903,-0.272691,-6.225271,0.0,****,-0.499232,-11.575298,0.0,****,-27.27%****,-49.92%****
OPSYNFLG,NotReported,384914,0.7343809025936116,0.39947884462503314,65270,74543,229737,0.346162,0.284346,0.461027,-0.24915,-52.471188,0.0,****,-0.383234,-86.015359,0.0,****,-24.92%****,-38.32%****
OPSYNFLG,Reported,139220,0.26561909740638845,0.41644878609395203,18398,11281,96978,0.342755,0.293857,0.42126,-0.186359,-19.892657,0.0,****,-0.302434,-26.141714,0.0,****,-18.64%****,-30.24%****
PCPFLG,NotReported,523203,0.9982237366780251,0.4042006639870184,83523,85572,326201,0.345629,0.285771,0.449407,-0.230921,-54.275808,0.0,****,-0.364115,-87.251367,0.0,****,-23.09%****,-36.41%****
PCPFLG,Reported,931,0.0017762633219749148,0.28356605800214824,145,252,514,0.22069,0.22619,0.332685,-0.33664,-2.588935,0.00984,***,-0.320106,-3.043075,0.002422,***,-33.66%***,-32.01%***
HALLFLG,NotReported,523183,0.9981855784971019,0.40415686289500996,83440,85627,326224,0.345781,0.285599,0.449323,-0.230439,-54.130696,0.0,****,-0.364379,-87.325974,0.0,****,-23.04%****,-36.44%****
HALLFLG,Reported,951,0.0018144215028981139,0.31019978969505785,228,197,491,0.210526,0.284264,0.382892,-0.450168,-4.642152,4e-06,****,-0.257587,-2.45157,0.014472,**,-45.02%****,-25.76%**
MTHAMFLG,NotReported,455130,0.8683466441787787,0.4203238635115242,68212,70198,293569,0.361329,0.289909,0.461827,-0.217608,-47.748833,0.0,****,-0.372257,-83.472552,0.0,****,-21.76%****,-37.23%****
MTHAMFLG,Reported,69004,0.13165335582122129,0.2962292041041099,15456,15626,33146,0.275168,0.266223,0.337597,-0.184922,-13.792753,0.0,****,-0.211419,-15.878417,0.0,****,-18.49%****,-21.14%****
AMPHFLG,NotReported,519658,0.9914601991093881,0.4045198957776076,82738,85116,324001,0.34579,0.285716,0.449863,-0.231343,-54.182168,0.0,****,-0.364882,-87.273465,0.0,****,-23.13%****,-36.49%****
AMPHFLG,Reported,4476,0.008539800890611942,0.34204647006255584,930,708,2714,0.311828,0.271186,0.372881,-0.163734,-3.357363,0.000795,****,-0.272727,-5.063627,0.0,****,-16.37%****,-27.27%****
STIMFLG,NotReported,520158,0.992414153632468,0.40549794485521706,82108,85289,324952,0.349028,0.286497,0.450199,-0.224724,-52.498427,0.0,****,-0.363622,-87.114962,0.0,****,-22.47%****,-36.36%****
STIMFLG,Reported,3976,0.007585846367531967,0.2062374245472837,1560,535,1763,0.155128,0.142056,0.269427,-0.424229,-8.069274,0.0,****,-0.472748,-6.089997,0.0,****,-42.42%****,-47.27%****
BENZFLG,NotReported,482491,0.9205489435907611,0.41112476709410123,77675,77503,300331,0.345735,0.289589,0.458378,-0.245741,-56.680485,0.0,****,-0.368231,-85.597469,0.0,****,-24.57%****,-36.82%****
BENZFLG,Reported,41643,0.07945105640923886,0.3212784861801503,5993,8321,26384,0.341231,0.248408,0.34502,-0.01098,-0.557157,0.577424,,-0.280019,-16.511577,0.0,****,-1.10%,-28.00%****
TRNQFLG,NotReported,523956,0.9996603921897835,0.40401484094084233,83638,85791,326603,0.345465,0.285624,0.449243,-0.231006,-54.315089,0.0,****,-0.364209,-87.348053,0.0,****,-23.10%****,-36.42%****
TRNQFLG,Reported,178,0.00033960781021647135,0.3202247191011236,30,33,112,0.2,0.212121,0.392857,-0.490909,-1.977295,0.049972,**,-0.460055,-1.922065,0.056586,*,-49.09%**,-46.01%*
BARBFLG,NotReported,523799,0.9993608504695364,0.40409011853783605,83585,85772,326520,0.345481,0.285688,0.449342,-0.23114,-54.342369,0.0,****,-0.364208,-87.354646,0.0,****,-23.11%****,-36.42%****
BARBFLG,Reported,335,0.0006391495304635837,0.2417910447761194,83,52,195,0.277108,0.134615,0.251282,0.102778,0.448366,0.654241,,-0.464286,-1.78961,0.074752,*,10.28%,-46.43%*
SEDHPFLG,NotReported,521919,0.9957739814627558,0.4046719893316779,83256,85508,325331,0.346089,0.285868,0.449994,-0.230903,-54.24968,0.0,****,-0.364729,-87.454829,0.0,****,-23.09%****,-36.47%****
SEDHPFLG,Reported,2215,0.004226018537244292,0.24243792325056435,412,316,1384,0.208738,0.212025,0.268064,-0.221312,-2.429606,0.015213,**,-0.209048,-2.056547,0.039882,**,-22.13%**,-20.90%**
INHFLG,NotReported,523975,0.9996966424616606,0.4040020993368004,83621,85800,326633,0.345392,0.285583,0.449244,-0.231172,-54.350774,0.0,****,-0.364304,-87.376262,0.0,****,-23.12%****,-36.43%****
INHFLG,Reported,159,0.0003033575383394323,0.3522012578616352,47,24,82,0.382979,0.333333,0.365854,0.046809,0.192172,0.847914,,-0.088889,-0.289543,0.772742,,4.68%,-8.89%
OTCFLG,NotReported,523740,0.999248283835813,0.4039886203077863,83553,85804,326475,0.345529,0.285581,0.449195,-0.230782,-54.232254,0.0,****,-0.364238,-87.349611,0.0,****,-23.08%****,-36.42%****
OTCFLG,Reported,394,0.0007517161641870209,0.4010152284263959,115,20,240,0.26087,0.35,0.4875,-0.464883,-4.142648,4.3e-05,****,-0.282051,-1.181475,0.238502,,-46.49%****,-28.21%
OTHERFLG,NotReported,515107,0.9827773050403141,0.4048343353905111,82324,84328,320710,0.345902,0.286014,0.450282,-0.231812,-54.175286,0.0,****,-0.364811,-86.914761,0.0,****,-23.18%****,-36.48%****
OTHERFLG,Reported,9027,0.017222694959685883,0.35559986706547025,1344,1496,6005,0.315476,0.262032,0.392673,-0.196593,-5.283707,0.0,****,-0.332696,-9.436411,0.0,****,-19.66%****,-33.27%****
DIVISION,EastNorthCentral,67030,0.12788714336410154,0.3616142025958526,18358,10069,37867,0.20024,0.372033,0.439565,-0.544459,-56.967922,0.0,****,-0.153633,-12.200751,0.0,****,-54.45%****,-15.36%****
DIVISION,EastSouthCentral,20753,0.039594836434957474,0.1648918228689828,3452,3195,13620,0.209444,0.053521,0.180396,0.161019,3.916932,9e-05,****,-0.703314,-17.942564,0.0,****,16.10%****,-70.33%****
DIVISION,MiddleAtlantic,131658,0.2511914891993269,0.5097905178568716,18532,21415,91196,0.521638,0.381975,0.537842,-0.030127,-4.032048,5.5e-05,****,-0.2898,-41.368387,0.0,****,-3.01%****,-28.98%****
DIVISION,Mountain,32372,0.06176283164228995,0.3292351414802916,3870,3581,12392,0.230491,0.285395,0.393883,-0.414824,-18.7409,0.0,****,-0.275432,-11.898327,0.0,****,-41.48%****,-27.54%****
DIVISION,NewEngland,81590,0.15566629907619045,0.35364628018139477,8787,17895,53144,0.398088,0.244649,0.385293,0.033209,2.281113,0.022545,**,-0.36503,-34.402837,0.0,****,3.32%**,-36.50%****
DIVISION,Pacific,43881,0.08372095685454484,0.581413367972471,9710,10967,23126,0.545108,0.344032,0.708942,-0.231097,-28.973438,0.0,****,-0.514725,-68.264137,0.0,****,-23.11%****,-51.47%****
DIVISION,SouthAtlantic,108594,0.20718747495869377,0.3785292005083154,11553,12404,73931,0.213538,0.141728,0.41229,-0.482069,-41.223176,0.0,****,-0.656241,-58.789343,0.0,****,-48.21%****,-65.62%****
DIVISION,USTerritories,1170,0.002232253584007143,0.26153846153846155,73,139,935,0.493151,0.158273,0.258824,0.905355,4.350636,1.5e-05,****,-0.388489,-2.574467,0.010173,**,90.54%****,-38.85%**
DIVISION,WestNorthCentral,22513,0.04295275635619899,0.3489983565051304,4699,3646,13472,0.367738,0.347778,0.34516,0.065412,2.792535,0.005235,***,0.007585,0.294855,0.768108,,6.54%***,0.76%
DIVISION,WestSouthCentral,14573,0.027803958529688973,0.18321553557949632,4634,2513,7032,0.198533,0.076801,0.212173,-0.064289,-1.780213,0.075067,*,-0.638028,-15.465796,0.0,****,-6.43%*,-63.80%****
REGION,Midwest,89543,0.17083989972030053,0.35844231263191983,23057,13715,51339,0.234376,0.365585,0.414792,-0.434956,-48.177921,0.0,****,-0.11863,-10.439509,0.0,****,-43.50%****,-11.86%****
REGION,Northeast,213248,0.40685778827551733,0.45004876950780315,27319,39310,144340,0.481899,0.319461,0.481675,0.000465,0.067895,0.94587,,-0.336772,-57.869379,0.0,****,0.05%,-33.68%****
REGION,South,143920,0.27458626992334023,0.3279460811561979,19639,18112,94583,0.209277,0.11716,0.364019,-0.425092,-42.05606,0.0,****,-0.678149,-66.270205,0.0,****,-42.51%****,-67.81%****
REGION,USTerritory,1170,0.002232253584007143,0.26153846153846155,73,139,935,0.493151,0.158273,0.258824,0.905355,4.350636,1.5e-05,****,-0.388489,-2.574467,0.010173,**,90.54%****,-38.85%**
REGION,West,76253,0.14548378849683477,0.4743551073400391,13580,14548,35518,0.455449,0.329599,0.59902,-0.239676,-28.904903,0.0,****,-0.449771,-56.507751,0.0,****,-23.97%****,-44.98%****
IDU,IDU,260856,0.4976895221451003,0.39435550648633727,45433,52314,153222,0.353972,0.296135,0.449961,-0.213329,-36.437158,0.0,****,-0.341866,-62.326499,0.0,****,-21.33%****,-34.19%****
IDU,NoIDU,263278,0.5023104778548997,0.413528665517058,38235,33510,173493,0.335243,0.269144,0.448571,-0.252644,-40.698604,0.0,****,-0.399998,-61.487552,0.0,****,-25.26%****,-40.00%****
ALCDRUG,AlcoholAndDrugs,66488,0.12685305666108285,0.3013476115990856,10017,14418,39986,0.301388,0.238591,0.330466,-0.087991,-5.559635,0.0,****,-0.278017,-20.600652,0.0,****,-8.80%****,-27.80%****
ALCDRUG,OtherDrugs,457646,0.8731469433389172,0.4188980128745799,73651,71406,286729,0.351401,0.295087,0.465785,-0.245573,-55.991343,0.0,****,-0.366473,-83.19094,0.0,****,-24.56%****,-36.65%****
EMPLOY_DETNLF,FullTime,69245,0.13211316190134584,0.4223120802946061,6525,2425,57517,0.323678,0.306804,0.444303,-0.271493,-18.691805,0.0,****,-0.309472,-13.38579,0.0,****,-27.15%****,-30.95%****
EMPLOY_DETNLF,Homemaker,3326,0.006345705487527999,0.4555021046301864,353,158,2725,0.348442,0.272152,0.474495,-0.265658,-4.484215,8e-06,****,-0.426439,-4.978338,1e-06,****,-26.57%****,-42.64%****
EMPLOY_DETNLF,InstitutionResident,9426,0.0179839506691037,0.2915340547422024,7516,540,1330,0.299095,0.261111,0.266917,0.120554,2.374143,0.017611,**,-0.021753,-0.257617,0.796731,,12.06%**,-2.18%
EMPLOY_DETNLF,OtherNotInLaborForce,134529,0.2566690960708521,0.3546298567595091,20608,31583,72129,0.363306,0.255802,0.383674,-0.053087,-5.315717,0.0,****,-0.333282,-40.182855,0.0,****,-5.31%****,-33.33%****
EMPLOY_DETNLF,PartTime,30060,0.05735174592756814,0.46506986027944114,3438,1750,23834,0.407213,0.370286,0.485609,-0.161437,-8.615881,0.0,****,-0.237481,-9.33755,0.0,****,-16.14%****,-23.75%****
EMPLOY_DETNLF,RetiredOrDisabled,38813,0.0740516738086062,0.48975858604075956,3824,5653,28601,0.439331,0.340881,0.523373,-0.160579,-9.779655,0.0,****,-0.348685,-25.310445,0.0,****,-16.06%****,-34.87%****
EMPLOY_DETNLF,Student,1784,0.0034037097383493534,0.31446188340807174,404,110,1174,0.20297,0.254545,0.363714,-0.441951,-6.026084,0.0,****,-0.300149,-2.291796,0.022079,**,-44.20%****,-30.01%**
EMPLOY_DETNLF,Unemployed,191417,0.3652062258887994,0.3720515941635278,34857,35629,114082,0.308202,0.28721,0.408136,-0.244855,-33.689473,0.0,****,-0.296289,-41.29679,0.0,****,-24.49%****,-29.63%****
EMPLOY_DETNLF,Unknown,23056,0.043988750968263844,0.5736034004163775,1464,1338,14234,0.41735,0.325859,0.738232,-0.434663,-26.278842,0.0,****,-0.558595,-32.612954,0.0,****,-43.47%****,-55.86%****
EMPLOY_DETNLF,UnknownNotInLaborForce,22478,0.04288597953958339,0.5577453510098763,4679,6638,11089,0.515922,0.336246,0.708089,-0.271388,-23.528542,0.0,****,-0.525136,-51.930585,0.0,****,-27.14%****,-52.51%****
PSOURCE_DETCRIM,Adjudication,3457,0.006595641572574952,0.15302285218397454,1247,299,1837,0.109864,0.12709,0.187806,-0.415016,-5.880638,0.0,****,-0.32329,-2.540712,0.011133,**,-41.50%****,-32.33%**
PSOURCE_DETCRIM,Court,11527,0.021992467575085762,0.2798646655677973,3017,1296,7122,0.220418,0.256173,0.312693,-0.295099,-9.448331,0.0,****,-0.180753,-4.07231,4.7e-05,****,-29.51%****,-18.08%****
PSOURCE_DETCRIM,DUI,1129,0.002154029313114585,0.3365810451727192,131,27,954,0.114504,0.222222,0.368973,-0.689669,-5.857833,0.0,****,-0.397727,-1.562364,0.118525,,-68.97%****,-39.77%
PSOURCE_DETCRIM,DiversionaryProgram,4590,0.008757302521874177,0.27233115468409586,1525,135,2900,0.211803,0.296296,0.305172,-0.305955,-6.657356,0.0,****,-0.029086,-0.218936,0.826715,,-30.60%****,-2.91%
PSOURCE_DETCRIM,DrugCareProvider,63868,0.12185433496014378,0.4119277259347404,14713,14029,34231,0.378577,0.323402,0.465105,-0.18604,-17.74299,0.0,****,-0.304669,-28.849009,0.0,****,-18.60%****,-30.47%****
PSOURCE_DETCRIM,Employer,1601,0.0030545623829020823,0.17301686445971268,101,368,1023,0.108911,0.054348,0.240469,-0.54709,-3.012915,0.002646,***,-0.773993,-7.955502,0.0,****,-54.71%***,-77.40%****
PSOURCE_DETCRIM,Individual,299582,0.5715752078666906,0.4611925950157219,36634,51918,197426,0.440301,0.290997,0.515393,-0.145698,-26.439925,0.0,****,-0.435388,-92.730212,0.0,****,-14.57%****,-43.54%****
PSOURCE_DETCRIM,Other,6743,0.012865030698256553,0.09209550645113451,2611,862,3201,0.082344,0.068445,0.104342,-0.21083,-2.853829,0.004335,***,-0.34403,-3.167939,0.001547,***,-21.08%***,-34.40%***
PSOURCE_DETCRIM,OtherHealthCareProvider,27048,0.05160512388053437,0.33614315291333924,3133,4862,17390,0.282158,0.294735,0.372053,-0.241619,-9.680931,0.0,****,-0.207815,-9.980847,0.0,****,-24.16%****,-20.78%****
PSOURCE_DETCRIM,OtherLegalEntity,3012,0.005746622047033773,0.4309428950863214,833,375,1786,0.382953,0.501333,0.43897,-0.127609,-2.70677,0.006838,***,0.142068,2.208409,0.02732,**,-12.76%***,14.21%**
PSOURCE_DETCRIM,OtherReferral,45594,0.08698920505061683,0.381146642102031,8072,6586,25353,0.27552,0.257212,0.399006,-0.309483,-20.142829,0.0,****,-0.355367,-21.388586,0.0,****,-30.95%****,-35.54%****
PSOURCE_DETCRIM,Prison,2929,0.005588265596202498,0.2714236940935473,1517,285,1076,0.160844,0.357895,0.404275,-0.602143,-14.434384,0.0,****,-0.114725,-1.424445,0.154547,,-60.21%****,-11.47%
PSOURCE_DETCRIM,ProbationOrParole,24201,0.046173306826116985,0.23218048840956984,5176,2416,16248,0.181221,0.215646,0.254,-0.286533,-10.760649,0.0,****,-0.151003,-4.069065,4.7e-05,****,-28.65%****,-15.10%****
PSOURCE_DETCRIM,School,188,0.00035868690067807085,0.25,26,24,133,0.192308,0.291667,0.240602,-0.200721,-0.530104,0.596789,,0.21224,0.529958,0.596899,,-20.07%,21.22%
PSOURCE_DETCRIM,Unknown,10708,0.02042989006628076,0.39540530444527455,1203,895,5049,0.45719,0.211173,0.268172,0.704841,12.970883,0.0,****,-0.212545,-3.588038,0.000336,****,70.48%****,-21.25%****
PSOURCE_DETCRIM,UnknownCourtReferral,17957,0.03426032274189425,0.14050231107646044,3729,1447,10986,0.179673,0.163787,0.126343,0.422108,8.130652,0.0,****,0.296373,3.974403,7.1e-05,****,42.21%****,29.64%****
ALL,ALL,524134,1.0,0.4039863851610466,83668,85824,326715,0.345413,0.285596,0.449223,-0.231089,-54.342475,0.0,****,-0.364245,-87.370043,0.0,****,-23.11%****,-36.42%****
